{"cameraMode":{"drawMode":0,"name":"Shaded","section":"Shading Mode"},"sceneLighting":true,"audioPlay":false,"sceneViewState":{"showFog":true,"showMaterialUpdate":false,"showSkybox":true,"showFlares":true,"showImageEffects":true,"showParticleSystems":true},"in2DMode":false,"pivot":{"x":-1.2323137521743775,"y":1.1176271438598633,"z":0.1934337615966797},"rotation":{"x":0.3212023079395294,"y":0.007098614238202572,"z":-0.0024242051877081396,"w":0.9470095038414002},"size":18.160520553588868,"orthographic":false}