{"cameraMode":{"drawMode":0,"name":"Shaded","section":"Shading Mode"},"sceneLighting":false,"audioPlay":false,"sceneViewState":{"showFog":true,"showMaterialUpdate":false,"showSkybox":false,"showFlares":true,"showImageEffects":true,"showParticleSystems":true},"in2DMode":false,"pivot":{"x":2.999999761581421,"y":0.33965417742729189,"z":-0.9582028388977051},"rotation":{"x":0.23039808869361878,"y":-0.05854792520403862,"z":0.013333870097994805,"w":0.9715453386306763},"size":1.6385219097137452,"orthographic":false}